[
    {
        "id": "68005d1dded69",
        "nombre": "Maria Gonzalez",
        "email": "maria@ejemplo.com",
        "telefono": "+56984839365",
        "motivo": "divorcio",
        "fecha": "2025-04-16",
        "hora": "11:00",
        "fechaReserva": "2025-04-17 03:45:01"
    },
    {
        "id": "680063466f9f7",
        "nombre": "anthony frankis",
        "email": "anthony26334@gmail.com",
        "telefono": "4142425931",
        "motivo": "putas",
        "fecha": "2025-04-16",
        "hora": "12:00",
        "fechaReserva": "2025-04-17 02:11:18"
    },
    {
        "id": "68006e6b2b3d2",
        "nombre": "pepe",
        "email": "anthony26334@gmail.com",
        "telefono": "4142425931",
        "motivo": "testa",
        "fecha": "2025-04-16",
        "hora": "09:00",
        "fechaReserva": "2025-04-17 02:58:51"
    },
    {
        "id": "680302f1386b1",
        "nombre": "Pepito perez",
        "email": "info.afrankis@gmail.com",
        "telefono": "04142425931",
        "motivo": "Mi motivo",
        "fecha": "2025-04-15",
        "hora": "14:00",
        "fechaReserva": "2025-04-19 01:57:05"
    },
    {
        "id": "680303ab06eff",
        "nombre": "Desiree",
        "email": "perez@gmail.com",
        "telefono": "04142425931",
        "motivo": "motivos varios",
        "fecha": "2025-04-15",
        "hora": "09:00",
        "fechaReserva": "2025-04-19 02:00:11"
    },
    {
        "id": "680303caf2c0b",
        "nombre": "Lagos",
        "email": "lagos@gmail.com",
        "telefono": "1234564561",
        "motivo": "MI MOVITOVP",
        "fecha": "2025-04-15",
        "hora": "11:00",
        "fechaReserva": "2025-04-19 02:00:42"
    },
    {
        "id": "6803044ab3cb2",
        "nombre": "ANTHONY",
        "email": "ANTHONY@GMAIL.COM",
        "telefono": "123567478",
        "motivo": "CARTOAST",
        "fecha": "2025-04-15",
        "hora": "10:00",
        "fechaReserva": "2025-04-19 02:02:50"
    }
]